BEGIN TRANSACTION;


INSERT INTO `noegestion_geanalytique` (`id`, `label`, `abrege`, `params`, `axe`, `saisie`, `obsolete`) VALUES
('00', 'Tous camps', 'Tous camps', '-', 'ACTIVITES', '2023-01-01', 0),
('10', 'Pasto indifférencié', 'Pasto', '-', 'ACTIVITES', '2023-01-01', 0),
('30', 'Neige pour tous les camps', 'Neige tous camps', '-', 'ACTIVITES', '2023-01-01', 0),
('40', 'AVENTURE TOUS CAMPS', 'AVENTURE TT', '-', 'ACTIVITES', '2023-01-01', 0),
('50', 'CAMPS MONTAGNE TOUS', 'Montagne tous', '-', 'ACTIVITES', '2023-01-01', 0),
('60', '60 PLONGEE ACTIVITES CLUB', 'Plongée Spéléo', '-', 'ACTIVITES', '2023-01-01', 0),
('70', 'Tous Centres aérés', 'Centres aerés', '-', 'ACTIVITES', '2023-01-01', 0),
('80', 'PASTO', 'PASTO', '-', 'ACTIVITES', '2023-01-01', 0);



INSERT INTO `noegestion_starticle` (`id`, `nom`, `nom_court`, `unite_stock`, `unite_colis`, `colis_par`, `rations`, `qte_stock`, `tx_tva`, `qte_mini`, `prix_moyen`, `prix_actuel`, `dernier_achat`, `ordi`, `saisie`, `obsolete`, `fournisseur_id`, `magasin_id`, `rayon_id`) VALUES
(1, 'HUILE TOURNESOL  X 1L', 'HUILE TO/X 1L', 'kg', 'pqt', '1.0000', '20.0000', '11.0000', '5.5000', '15.00', '4.1078', '4.5880', '2022-09-19', 'DESKTOP-VKOLCTJ', '2022-09-19', 0, 6, 'RES', 'CND'),
(2, 'JUS ORANGE/POMME PtDej', 'JUS ORAN/tDej', 'kg', 'pqt', '1.0000', '8.0000', '130.0000', '5.5000', '0.00', '1.7020', '1.1800', '2022-08-21', 'DESKTOP-VKOLCTJ', '2022-08-21', 0, 6, 'RES', 'BSS'),
(3, 'KIWIS FRAIS PIECE', 'KIWIS FR/IECE', 'kg', 'pqt', '1.0000', '1.0000', '0.0000', '5.5000', '0.00', '0.4900', '0.4900', '2022-09-17', 'DESKTOP-VKOLCTJ', '2022-09-17', 0, 4, 'FRI', 'FRT'),
(4, 'LAIT COCO BTE 1L', 'LAIT COC/E 1L', 'kg', 'pqt', '1.0000', '12.0000', '0.0000', '5.5000', '1.00', '4.1900', '4.1900', '2022-10-07', 'Matth2-PC', '2022-10-07', 0, 6, 'RES', 'FRS'),
(5, 'LAIT UHT 1L', 'LAIT UHT/T 1L', 'kg', 'pqt', '1.0000', '10.0000', '0.0000', '5.5000', '60.00', '4.4099', '4.4099', '2022-09-21', 'DESKTOP-VKOLCTJ', '2022-09-21', 0, 6, 'RES', 'FRS'),
(6, 'LARDONS FUMES     KG', 'LARDONS /  KG', 'kg', 'pqt', '1.0000', '0.0000', '10.0000', '5.5000', '5.00', '6.0483', '6.0483', '2022-08-22', 'DESKTOP-VKOLCTJ', '2022-08-22', 0, 6, 'FRI', 'VND'),
(7, 'MAIS DOUX        3/1', 'MAIS DOU/ 3/1', 'kg', 'pqt', '1.0000', '30.0000', '19.0000', '5.5000', '6.00', '5.7761', '5.7761', '2022-08-22', 'DESKTOP-VKOLCTJ', '2022-08-22', 0, 6, 'RES', 'LGM'),
(8, 'MUESLI CROUST', 'MUESLI C/OUST', 'kg', 'pqt', '1.0000', '10.0000', '0.0000', '5.5000', '1.00', '2.4700', '2.4700', '2022-10-07', 'Matth2-PC', '2022-10-07', 0, 1, 'RES', 'SCR'),
(9, 'NECTARINES KG', 'NECTARIN/S KG', 'kg', 'pqt', '1.0000', '5.0000', '0.0000', '5.5000', '10.00', '2.9900', '2.9900', '2022-09-17', 'DESKTOP-VKOLCTJ', '2022-09-17', 0, 4, 'FRI', 'FRT'),
(10, 'OIGNON EMINCE GEL KG', 'OIGNON E/L KG', 'kg', 'pqt', '1.0000', '0.0000', '5.0000', '5.5000', '5.00', '1.2396', '1.2396', '2022-09-19', 'DESKTOP-VKOLCTJ', '2022-09-19', 0, 6, 'SUR', 'LGM'),
(11, 'OIGNONS FRAIS', 'OIGNONS /RAIS', 'kg', 'pqt', '1.0000', '0.0000', '0.0000', '5.5000', '0.00', '1.2900', '1.2900', '2022-09-17', 'DESKTOP-VKOLCTJ', '2022-09-17', 0, 4, 'RES', 'LGM'),
(12, 'OLIVES NOIRES 4/4', 'OLIVES N/ 4/4', 'kg', 'pqt', '1.0000', '0.0000', '1.0000', '5.5000', '6.00', '1.7175', '1.7175', '2022-08-18', 'DESKTOP-VKOLCTJ', '2022-08-18', 0, 6, 'RES', 'CND'),
(13, 'ORANGES FRAICHES  KG', 'ORANGES /  KG', 'kg', 'pqt', '1.0000', '5.0000', '0.0000', '5.5000', '5.00', '1.0550', '1.0550', '2023-02-07', 'MATTH8', '2023-02-07', 0, 4, 'FRI', 'FRT'),
(14, 'PATES COQUILLETTE KG', 'PATES CO/E KG', 'kg', 'pqt', '1.0000', '15.0000', '5.0000', '5.5000', '5.00', '1.3040', '1.3040', '2022-09-19', 'DESKTOP-VKOLCTJ', '2022-09-19', 0, 6, 'RES', 'FCL'),
(15, 'PATES FARFALLES KG', 'PATES FA/S KG', 'kg', 'pqt', '1.0000', '13.0000', '5.0000', '5.5000', '5.00', '1.3757', '1.3757', '2022-08-12', 'DESKTOP-VKOLCTJ', '2022-08-12', 0, 6, 'RES', 'FCL'),
(16, 'PAUPIETTE VEAU GEL', 'PAUPIETT/ GEL', 'kg', 'pqt', '1.0000', '0.0000', '0.0000', '5.5000', '0.00', '14.5906', '14.5906', '2022-09-19', 'DESKTOP-VKOLCTJ', '2022-09-19', 0, 5, 'SUR', 'VND'),
(17, 'RAISIN FRAIS KG', 'RAISIN F/S KG', 'kg', 'pqt', '1.0000', '5.0000', '3.0000', '5.5000', '0.00', '2.9900', '2.9900', '2022-09-23', 'DESKTOP-VKOLCTJ', '2022-09-23', 0, 4, 'FRI', 'FRT'),
(18, 'RAVIOLIS FROMAGE SURG', 'RAVIOLIS/SURG', 'kg', 'pqt', '1.0000', '7.0000', '0.0000', '5.5000', '0.00', '12.2696', '12.2696', '2022-09-19', 'Matth2-PC', '2022-09-19', 0, 6, 'SUR', 'FCL'),
(19, 'RIZ LONG GR US KG', 'RIZ LONG/S KG', 'kg', 'pqt', '1.0000', '16.0000', '8.0000', '5.5000', '5.00', '1.1151', '1.1151', '2022-08-22', 'DESKTOP-VKOLCTJ', '2022-08-22', 0, 6, 'RES', 'FCL'),
(20, 'SALADES DIVERSES', 'SALADES /RSES', 'kg', 'pqt', '1.0000', '10.0000', '0.0000', '5.5000', '12.00', '1.3609', '1.3609', '2022-08-23', 'MATTH8', '2022-08-23', 0, 4, 'FRI', 'LGM'),
(21, 'SUNDAE BTE CONG', 'SUNDAE B/CONG', 'kg', 'pqt', '1.0000', '1.0000', '37.0000', '5.5000', '40.00', '0.7242', '0.7242', '2022-09-19', 'DESKTOP-VKOLCTJ', '2022-09-19', 0, 6, 'SUR', 'SCR'),
(22, 'TARTES CITRON POUR 10', 'TARTES C/R 10', 'kg', 'pqt', '1.0000', '10.0000', '6.0000', '5.5000', '1.00', '5.3850', '3.4751', '2022-09-19', 'HP-JB-RYZEN5000', '2022-09-19', 0, 6, 'SUR', 'SCR'),
(23, 'TARTES MYRTILLES POUR 10', 'TARTES M/R 10', 'kg', 'pqt', '1.0000', '10.0000', '3.0000', '5.5000', '1.00', '8.3482', '8.3482', '2022-09-19', 'DESKTOP-VKOLCTJ', '2022-09-19', 0, 6, 'SUR', 'SCR'),
(24, 'THE DIVERS 100SCH', 'THE DIVE/0SCH', 'kg', 'pqt', '1.0000', '100.0000', '1.0000', '5.5000', '1.00', '4.7600', '4.7600', '2022-09-14', 'DESKTOP-VKOLCTJ', '2022-09-14', 0, 6, 'RES', 'SCR'),
(25, 'TOMATES FRAICHES', 'TOMATES /CHES', 'kg', 'pqt', '1.0000', '5.0000', '0.0000', '5.5000', '20.00', '2.3900', '2.3900', '2022-09-23', 'DESKTOP-VKOLCTJ', '2022-09-23', 0, 4, 'FRI', 'LGM'),
(26, 'TOMATES PEL/CONC 5/1', 'TOMATES / 5/1', 'kg', 'pqt', '1.0000', '50.0000', '1.0000', '5.5000', '3.00', '5.5566', '5.5566', '2022-08-22', 'Matth2-PC', '2022-08-22', 0, 6, 'RES', 'LGM'),
(27, 'AIGUI POULET GEL', 'AIGUI PO/ GEL', 'kg', 'pqt', '1.0000', '0.0000', '8.0000', '5.5000', '0.00', '8.4800', '8.4800', '2022-09-19', 'DESKTOP-VKOLCTJ', '2022-09-19', 0, 5, 'SUR', 'VND'),
(28, 'ANANAS MORC BTE 3/1', 'ANANAS M/ 3/1', 'kg', 'pqt', '1.0000', '25.0000', '6.0000', '5.5000', '3.00', '7.0979', '6.9080', '2022-09-19', 'DESKTOP-VKOLCTJ', '2022-09-19', 0, 6, 'RES', 'FRT'),
(29, 'BANANES KG', 'BANANES /S KG', 'kg', 'pqt', '1.0000', '5.0000', '0.0000', '5.5000', '5.00', '1.8900', '1.8900', '2022-09-17', 'DESKTOP-VKOLCTJ', '2022-09-17', 0, 4, 'RES', 'FRT'),
(30, 'BARRES GLACEE UNITE', 'BARRES G/NITE', 'kg', 'pqt', '1.0000', '1.0000', '205.0000', '5.5000', '48.00', '0.8440', '0.8440', '2022-09-19', 'DESKTOP-VKOLCTJ', '2022-09-19', 0, 3, 'SUR', 'SCR'),
(31, 'BEURRE MICRO X 100', 'BEURRE M/ 100', 'kg', 'pqt', '1.0000', '1.0000', '0.0000', '5.5000', '100.00', '0.0894', '0.0956', '2022-09-19', 'HP-JB-RYZEN5000', '2022-09-19', 0, 6, 'FRI', 'FRS'),
(32, 'BEURRE PLQ 250G PIEC', 'BEURRE P/PIEC', 'kg', 'pqt', '1.0000', '20.0000', '0.0000', '5.5000', '4.00', '3.9325', '3.9325', '2022-09-19', 'DESKTOP-VKOLCTJ', '2022-09-19', 0, 6, 'FRI', 'FRS'),
(33, 'BISCUIT BN PAQ DE 15', 'BISCUIT /E 15', 'kg', 'pqt', '1.0000', '0.0000', '0.0000', '5.5000', '0.00', '2.3000', '2.3000', '2022-08-21', 'DESKTOP-VKOLCTJ', '2022-08-21', 0, 1, 'RES', 'SCR'),
(34, 'BISCUITS PORTIONS', 'BISCUITS/IONS', 'kg', 'pqt', '1.0000', '1.0000', '310.0000', '5.5000', '0.00', '0.1923', '0.1960', '2022-09-19', 'DESKTOP-VKOLCTJ', '2022-09-19', 0, 6, 'RES', 'SCR'),
(35, 'BOUIL VEAU LIE', 'BOUIL VE/ LIE', 'kg', 'pqt', '1.0000', '0.0000', '0.0000', '5.5000', '0.00', '16.4210', '16.4210', '2022-09-19', 'DESKTOP-VKOLCTJ', '2022-09-19', 0, 5, 'RES', 'CND'),
(36, 'BRIOCHE TRANCHEE', 'BRIOCHE /CHEE', 'kg', 'pqt', '1.0000', '10.0000', '4.0000', '5.5000', '1.00', '2.3200', '2.3200', '2022-09-09', 'DESKTOP-VKOLCTJ', '2022-09-09', 0, 1, 'RES', 'SCR'),
(37, 'BRIOCHETTES 130g', 'BRIOCHET/130g', 'kg', 'pqt', '1.0000', '1.0000', '12.0000', '5.5000', '5.00', '0.1600', '0.1600', '2022-10-07', 'Matth2-PC', '2022-10-07', 0, 1, 'RES', 'SCR'),
(38, 'BROWNIES INDIVIDUEL', 'BROWNIES/DUEL', 'kg', 'pqt', '1.0000', '1.0000', '0.0000', '5.5000', '60.00', '0.1866', '0.1866', '2022-09-13', 'DESKTOP-VKOLCTJ', '2022-09-13', 0, 1, 'RES', 'SCR'),
(39, 'CAFE ARABICA KG', 'CAFE ARA/A KG', 'kg', 'pqt', '1.0000', '840.0000', '1.0000', '5.5000', '6.00', '7.6710', '7.6710', '2022-09-19', 'DESKTOP-VKOLCTJ', '2022-09-19', 0, 6, 'RES', 'SCR'),
(40, 'CEREALES DU MATIN', 'CEREALES/ATIN', 'kg', 'pqt', '1.0000', '20.0000', '3.0000', '5.5000', '5.00', '2.1670', '2.0900', '2022-09-14', 'DESKTOP-VKOLCTJ', '2022-09-14', 0, 1, 'RES', 'FCL'),
(41, 'CHANTILLY BOMBE 1L', 'CHANTILL/E 1L', 'kg', 'pqt', '1.0000', '15.0000', '10.0000', '5.5000', '0.00', '7.2182', '7.3037', '2022-09-19', 'DESKTOP-VKOLCTJ', '2022-09-19', 0, 6, 'FRI', 'SCR'),
(42, 'CHOCOLAT POUDRE DOSETTES', 'CHOCOLAT/TTES', 'kg', 'pqt', '1.0000', '0.0000', '100.0000', '5.5000', '0.00', '0.1500', '0.1500', '2022-06-08', 'DESKTOP-VKOLCTJ', '2022-06-08', 0, 5, 'RES', 'SCR'),
(43, 'CONFITURE INDIV BARQ UNITE', 'CONFITUR/NITE', 'kg', 'pqt', '1.0000', '1.0000', '0.0000', '5.5000', '120.00', '0.0679', '0.0679', '2022-09-19', 'DESKTOP-VKOLCTJ', '2022-09-19', 0, 6, 'RES', 'SCR'),
(44, 'CONFITURE POT 320G UNIT', 'CONFITUR/UNIT', 'kg', 'pqt', '1.0000', '0.0000', '7.0000', '5.5000', '0.00', '4.9000', '4.9000', '2022-09-14', 'DESKTOP-VKOLCTJ', '2022-09-14', 0, 2, 'RES', 'SCR'),
(45, 'COTES DE PORC GEL KG', 'COTES DE/L KG', 'kg', 'pqt', '1.0000', '7.0000', '3.0000', '5.5000', '20.00', '4.4521', '4.4521', '2022-09-19', 'DESKTOP-VKOLCTJ', '2022-09-19', 0, 6, 'SUR', 'VND'),
(46, 'CREME ANGLAISE', 'CREME AN/AISE', 'kg', 'pqt', '1.0000', '0.0000', '0.0000', '5.5000', '0.00', '3.1966', '3.1966', '2022-08-04', 'DESKTOP-VKOLCTJ', '2022-08-04', 0, 5, 'FRI', 'SCR'),
(47, 'CREME FR LIQU L/C 1L', 'CREME FR/C 1L', 'kg', 'pqt', '1.0000', '8.0000', '7.0000', '5.5000', '6.00', '3.2008', '3.1544', '2022-09-16', 'DESKTOP-VKOLCTJ', '2022-09-16', 0, 6, 'FRI', 'FRS'),
(48, 'CROISSANTS GEL UNITE', 'CROISSAN/NITE', 'kg', 'pqt', '1.0000', '1.0000', '0.0000', '5.5000', '0.00', '0.2278', '0.2278', '2022-09-19', 'DESKTOP-VKOLCTJ', '2022-09-19', 0, 6, 'SUR', 'SCR'),
(49, 'CUB COLIN ALK CEREAL', 'CUB COLI/REAL', 'kg', 'pqt', '1.0000', '0.0000', '0.0000', '5.5000', '0.00', '8.6615', '8.6615', '2022-08-08', 'DESKTOP-VKOLCTJ', '2022-08-08', 0, 3, 'SUR', 'PSS'),
(50, 'FROM BRESSE BLEU 500GRS', 'FROM BRE/0GRS', 'kg', 'pqt', '1.0000', '10.0000', '0.0000', '5.5000', '0.00', '7.1107', '7.1107', '2022-09-19', 'DESKTOP-VKOLCTJ', '2022-09-19', 0, 6, 'FRI', 'FRS'),
(51, 'FROM CAMEMBERT 250GRS', 'FROM CAM/0GRS', 'kg', 'pqt', '1.0000', '4.0000', '0.0000', '5.5000', '1.00', '2.3674', '2.3674', '2022-09-19', 'DESKTOP-VKOLCTJ', '2022-09-19', 0, 6, 'FRI', 'FRS'),
(52, 'FROM COMTE BLOC X 500 GRS', 'FROM COM/ GRS', 'kg', 'pqt', '1.0000', '8.0000', '0.0000', '5.5000', '1.00', '11.9373', '11.9373', '2022-09-19', 'HP-JB-RYZEN5000', '2022-09-19', 0, 6, 'FRI', 'FRS'),
(53, 'FROM EMMENTAL RAPE KG', 'FROM EMM/E KG', 'kg', 'pqt', '1.0000', '15.0000', '4.0000', '5.5000', '5.00', '7.7194', '7.7015', '2022-09-16', 'Matth2-PC', '2022-09-16', 0, 6, 'FRI', 'FRS'),
(54, 'FROM ST MARCELLIN', 'FROM ST /LLIN', 'kg', 'pqt', '1.0000', '0.0000', '0.0000', '5.5000', '0.00', '1.2385', '1.2385', '2022-09-19', 'DESKTOP-VKOLCTJ', '2022-09-19', 0, 5, 'FRI', 'FRS'),
(55, 'GAUFFRES PQT X 5', 'GAUFFRES/ X 5', 'kg', 'pqt', '1.0000', '50.0000', '0.0000', '5.5000', '5.00', '1.9900', '1.9900', '2022-08-21', 'DESKTOP-VKOLCTJ', '2022-08-21', 0, 1, 'RES', 'SCR'),
(56, 'HUILE COLZA', 'HUILE CO/OLZA', 'kg', 'pqt', '1.0000', '0.0000', '0.0000', '5.5000', '0.00', '2.7510', '2.7510', '2022-09-19', 'DESKTOP-VKOLCTJ', '2022-09-19', 0, 5, 'RES', 'CND'),
(57, 'HUILE OLIVE 1L', 'HUILE OL/E 1L', 'kg', 'pqt', '1.0000', '0.0000', '3.0000', '5.5000', '15.00', '7.0490', '7.0490', '2022-09-19', 'DESKTOP-VKOLCTJ', '2022-09-19', 0, 6, 'RES', 'CND');

INSERT INTO `noegestion_stfournisseur` (`id`, `nom`) VALUES
(1, 'LIDL'),
(2, 'METRO'),
(3, 'PASSION FROID'),
(4, 'RICHARD'),
(5, 'TRANSGOUMET'),
(6, 'TRANSGOURMET');

INSERT INTO `noegestion_stinventaire` (`id`, `jour`, `article_nom`, `unite_stock`, `qte_stock`, `prix_moyen`, `prix_actuel`, `montant`, `modifiable`, `ordi`, `saisie`, `article_id`) VALUES
(1, '2022-09-30', 'AIGUI POULET GEL', 'kg', '8.0000', '8.4800', '8.4800', '67.84', 0, 'JB access', '2023-02-09', 27),
(2, '2022-09-30', 'ANANAS MORC BTE 3/1', 'kg', '6.0000', '7.0979', '6.9080', '42.59', 0, 'JB access', '2023-02-09', 28),
(3, '2022-09-30', 'BANANES KG', 'kg', '0.0000', '1.8900', '1.8900', '0.00', 0, 'JB access', '2023-02-09', 29),
(4, '2022-09-30', 'BARRES GLACEE UNITE', 'kg', '142.0000', '0.8440', '0.8440', '119.85', 0, 'JB access', '2023-02-09', 30),
(5, '2022-09-30', 'BEURRE MICRO X 100', 'kg', '500.0000', '0.0894', '0.0956', '44.71', 0, 'JB access', '2023-02-09', 31),
(6, '2022-09-30', 'BEURRE PLQ 250G PIEC', 'kg', '3.0000', '3.9325', '3.9325', '11.80', 0, 'JB access', '2023-02-09', 32),
(7, '2022-09-30', 'BISCUIT BN PAQ DE 15', 'kg', '0.0000', '2.3000', '2.3000', '0.00', 0, 'JB access', '2023-02-09', 33),
(8, '2022-09-30', 'BISCUITS PORTIONS', 'kg', '310.0000', '0.1923', '0.1960', '59.64', 0, 'JB access', '2023-02-09', 34),
(9, '2022-09-30', 'BOUIL VEAU LIE', 'kg', '0.0000', '16.4210', '16.4210', '0.00', 0, 'JB access', '2023-02-09', 35),
(10, '2022-09-30', 'BRIOCHE TRANCHEE', 'kg', '4.0000', '2.3200', '2.3200', '9.28', 0, 'JB access', '2023-02-09', 36),
(11, '2022-09-30', 'BRIOCHETTES 130g', 'kg', '12.0000', '0.1600', '0.1600', '1.92', 0, 'JB access', '2023-02-09', 37),
(12, '2022-09-30', 'BROWNIES INDIVIDUEL', 'kg', '0.0000', '0.1866', '0.1866', '0.00', 0, 'JB access', '2023-02-09', 38),
(13, '2022-09-30', 'CAFE ARABICA KG', 'kg', '1.0000', '7.6710', '7.6710', '7.67', 0, 'JB access', '2023-02-09', 39),
(14, '2022-09-30', 'CEREALES DU MATIN', 'kg', '3.0000', '2.1670', '2.0900', '6.50', 0, 'JB access', '2023-02-09', 40),
(15, '2022-09-30', 'CHANTILLY BOMBE 1L', 'kg', '10.0000', '7.2182', '7.3037', '72.18', 0, 'JB access', '2023-02-09', 41),
(16, '2022-09-30', 'CHOCOLAT POUDRE DOSETTES', 'kg', '100.0000', '0.1500', '0.1500', '15.00', 0, 'JB access', '2023-02-09', 42),
(17, '2022-09-30', 'CONFITURE INDIV BARQ UNITE', 'kg', '0.0000', '0.0679', '0.0679', '0.00', 0, 'JB access', '2023-02-09', 43),
(18, '2022-09-30', 'CONFITURE POT 320G UNIT', 'kg', '7.0000', '4.9000', '4.9000', '34.30', 0, 'JB access', '2023-02-09', 44),
(19, '2022-09-30', 'COTES DE PORC GEL KG', 'kg', '0.0000', '4.4521', '4.4521', '0.00', 0, 'JB access', '2023-02-09', 45),
(20, '2022-09-30', 'CREME ANGLAISE', 'kg', '0.0000', '3.1966', '3.1966', '0.00', 0, 'JB access', '2023-02-09', 46),
(21, '2022-09-30', 'CREME FR LIQU L/C 1L', 'kg', '7.0000', '3.2008', '3.1544', '22.41', 0, 'JB access', '2023-02-09', 47),
(22, '2022-09-30', 'CROISSANTS GEL UNITE', 'kg', '15.0000', '0.2278', '0.2278', '3.42', 0, 'JB access', '2023-02-09', 48),
(23, '2022-09-30', 'CUB COLIN ALK CEREAL', 'kg', '0.0000', '8.6615', '8.6615', '0.00', 0, 'JB access', '2023-02-09', 49),
(24, '2022-09-30', 'FROM BRESSE BLEU 500GRS', 'kg', '0.0000', '7.1107', '7.1107', '0.00', 0, 'JB access', '2023-02-09', 50),
(25, '2022-09-30', 'FROM CAMEMBERT 250GRS', 'kg', '0.0000', '2.3674', '2.3674', '0.00', 0, 'JB access', '2023-02-09', 51),
(26, '2022-09-30', 'FROM COMTE BLOC X 500 GRS', 'kg', '0.0000', '11.9373', '11.9373', '0.00', 0, 'JB access', '2023-02-09', 52),
(27, '2022-09-30', 'FROM EMMENTAL RAPE KG', 'kg', '4.0000', '7.7194', '7.7015', '30.88', 0, 'JB access', '2023-02-09', 53),
(28, '2022-09-30', 'FROM ST MARCELLIN', 'kg', '0.0000', '1.2385', '1.2385', '0.00', 0, 'JB access', '2023-02-09', 54),
(29, '2022-09-30', 'GAUFFRES PQT X 5', 'kg', '0.0000', '1.9900', '1.9900', '0.00', 0, 'JB access', '2023-02-09', 55),
(30, '2022-09-30', 'HUILE COLZA', 'kg', '0.0000', '2.7510', '2.7510', '0.00', 0, 'JB access', '2023-02-09', 56),
(31, '2022-09-30', 'HUILE OLIVE 1L', 'kg', '3.0000', '7.0490', '7.0490', '21.15', 0, 'JB access', '2023-02-09', 57),
(32, '2022-09-30', 'HUILE TOURNESOL  X 1L', 'kg', '11.0000', '4.1078', '4.5880', '45.19', 0, 'JB access', '2023-02-09', 1),
(33, '2022-09-30', 'JUS ORANGE/POMME PtDej', 'kg', '130.0000', '1.7020', '1.1800', '221.26', 0, 'JB access', '2023-02-09', 2),
(34, '2022-09-30', 'KIWIS FRAIS PIECE', 'kg', '0.0000', '0.4900', '0.4900', '0.00', 0, 'JB access', '2023-02-09', 3),
(35, '2022-09-30', 'LAIT COCO BTE 1L', 'kg', '0.0000', '4.1900', '4.1900', '0.00', 0, 'JB access', '2023-02-09', 4),
(36, '2022-09-30', 'LAIT UHT 1L', 'kg', '0.0000', '4.4099', '4.4099', '0.00', 0, 'JB access', '2023-02-09', 5),
(37, '2022-09-30', 'LARDONS FUMES     KG', 'kg', '10.0000', '6.0483', '6.0483', '60.48', 0, 'JB access', '2023-02-09', 6),
(38, '2022-09-30', 'MAIS DOUX        3/1', 'kg', '19.0000', '5.7761', '5.7761', '109.75', 0, 'JB access', '2023-02-09', 7),
(39, '2022-09-30', 'MUESLI CROUST', 'kg', '0.0000', '2.4700', '2.4700', '0.00', 0, 'JB access', '2023-02-09', 8),
(40, '2022-09-30', 'NECTARINES KG', 'kg', '0.0000', '2.9900', '2.9900', '0.00', 0, 'JB access', '2023-02-09', 9),
(41, '2022-09-30', 'OIGNON EMINCE GEL KG', 'kg', '0.0000', '1.2396', '1.2396', '0.00', 0, 'JB access', '2023-02-09', 10),
(42, '2022-09-30', 'OIGNONS FRAIS', 'kg', '0.0000', '1.2900', '1.2900', '0.00', 0, 'JB access', '2023-02-09', 11),
(43, '2022-09-30', 'OLIVES NOIRES 4/4', 'kg', '1.0000', '1.7175', '1.7175', '1.72', 0, 'JB access', '2023-02-09', 12),
(44, '2022-09-30', 'ORANGES FRAICHES  KG', 'kg', '0.0000', '1.0550', '1.0550', '0.00', 0, 'JB access', '2023-02-09', 13),
(45, '2022-09-30', 'PATES COQUILLETTE KG', 'kg', '5.0000', '1.3040', '1.3040', '6.52', 0, 'JB access', '2023-02-09', 14),
(46, '2022-09-30', 'PATES FARFALLES KG', 'kg', '5.0000', '1.3757', '1.3757', '6.88', 0, 'JB access', '2023-02-09', 15),
(47, '2022-09-30', 'PAUPIETTE VEAU GEL', 'kg', '2.0000', '14.5906', '14.5906', '29.18', 0, 'JB access', '2023-02-09', 16),
(48, '2022-09-30', 'RAISIN FRAIS KG', 'kg', '3.0000', '2.9900', '2.9900', '8.97', 0, 'JB access', '2023-02-09', 17),
(49, '2022-09-30', 'RAVIOLIS FROMAGE SURG', 'kg', '0.0000', '12.2696', '12.2696', '0.00', 0, 'JB access', '2023-02-09', 18),
(50, '2022-09-30', 'RIZ LONG GR US KG', 'kg', '8.0000', '1.1151', '1.1151', '8.92', 0, 'JB access', '2023-02-09', 19),
(51, '2022-09-30', 'SALADES DIVERSES', 'kg', '0.0000', '1.3609', '1.3609', '0.00', 0, 'JB access', '2023-02-09', 20),
(52, '2022-09-30', 'SUNDAE BTE CONG', 'kg', '52.0000', '0.7242', '0.7242', '37.66', 0, 'JB access', '2023-02-09', 21),
(53, '2022-09-30', 'TARTES CITRON POUR 10', 'kg', '6.0000', '5.3850', '3.4751', '32.31', 0, 'JB access', '2023-02-09', 22),
(54, '2022-09-30', 'TARTES MYRTILLES POUR 10', 'kg', '4.0000', '8.3482', '8.3482', '33.39', 0, 'JB access', '2023-02-09', 23),
(55, '2022-09-30', 'THE DIVERS 100SCH', 'kg', '1.0000', '4.7600', '4.7600', '4.76', 0, 'JB access', '2023-02-09', 24),
(56, '2022-09-30', 'TOMATES FRAICHES', 'kg', '0.0000', '2.3900', '2.3900', '0.00', 0, 'JB access', '2023-02-09', 25),
(57, '2022-09-30', 'TOMATES PEL/CONC 5/1', 'kg', '1.0000', '5.5566', '5.5566', '5.56', 0, 'JB access', '2023-02-09', 26);

-- --------------------------------------------------------

INSERT INTO `noegestion_stmagasin` (`id`, `nom`, `position`) VALUES
('FRI', 'Frigo', 2),
('RES', 'Réserve', 1),
('SUR', 'Congélateur', 3);

-- --------------------------------------------------------

INSERT INTO `noegestion_stmouvement` (`id`, `jour`, `sens`, `origine`, `nbcolis`, `qtemouvement`, `prixunit`, `service`, `nbrations`, `transfert`, `ordi`, `saisie`, `analytique_id`, `article_id`, `fournisseur_id`) VALUES
(1, '2022-09-17', -1, 'repas', '1', '-72.00', '0.1866', 5, '1.0000', NULL, 'DESKTOP-VKOLCTJ', '2022-09-24', '00', 38, 1),
(2, '2022-09-17', -1, 'repas', '1', '-50.00', '0.0904', 5, '1.0000', NULL, 'DESKTOP-VKOLCTJ', '2022-09-24', '00', 31, 1),
(3, '2022-09-17', -1, 'repas', '1', '-18.00', '1.2385', 5, '0.0000', NULL, 'DESKTOP-VKOLCTJ', '2022-09-24', '00', 54, 1),
(4, '2022-09-17', -1, 'repas', '1', '-15.00', '0.4900', 5, '1.0000', NULL, 'DESKTOP-VKOLCTJ', '2022-09-24', '00', 3, 1),
(5, '2022-09-17', -1, 'repas', '1', '-12.00', '1.2900', 5, '10.0000', NULL, 'DESKTOP-VKOLCTJ', '2022-09-24', '00', 20, 1),
(6, '2022-09-17', -1, 'repas', '1', '-10.00', '0.1500', 5, '0.0000', NULL, 'DESKTOP-VKOLCTJ', '2022-09-24', '00', 42, 1),
(7, '2022-09-17', -1, 'repas', '1', '-10.00', '8.6980', 5, '0.0000', NULL, 'DESKTOP-VKOLCTJ', '2022-09-24', '00', 49, 1),
(8, '2022-09-17', -1, 'repas', '1', '-9.00', '0.7764', 5, '10.0000', NULL, 'DESKTOP-VKOLCTJ', '2022-09-24', '00', 5, 1),
(9, '2022-09-17', -1, 'repas', '1', '-8.00', '6.0483', 5, '0.0000', NULL, 'DESKTOP-VKOLCTJ', '2022-09-24', '00', 6, 1),
(10, '2022-09-17', -1, 'repas', '1', '-7.00', '1.9900', 5, '5.0000', NULL, 'DESKTOP-VKOLCTJ', '2022-09-24', '00', 25, 1),
(11, '2022-09-17', -1, 'repas', '1', '-5.00', '1.1151', 5, '16.0000', NULL, 'DESKTOP-VKOLCTJ', '2022-09-24', '00', 19, 1),
(12, '2022-09-17', -1, 'repas', '1', '-5.00', '1.3757', 5, '13.0000', NULL, 'DESKTOP-VKOLCTJ', '2022-09-24', '00', 15, 1),
(13, '2022-09-17', -1, 'repas', '1', '-5.00', '1.7097', 5, '8.0000', NULL, 'DESKTOP-VKOLCTJ', '2022-09-24', '00', 2, 1),
(14, '2022-09-17', -1, 'repas', '1', '-5.00', '2.1545', 5, '4.0000', NULL, 'DESKTOP-VKOLCTJ', '2022-09-24', '00', 51, 1),
(15, '2022-09-17', -1, 'repas', '1', '-5.00', '6.2245', 5, '10.0000', NULL, 'DESKTOP-VKOLCTJ', '2022-09-24', '00', 50, 1),
(16, '2022-09-17', -1, 'repas', '1', '-3.00', '1.8900', 5, '5.0000', NULL, 'DESKTOP-VKOLCTJ', '2022-09-24', '00', 29, 1),
(17, '2022-09-17', -1, 'repas', '1', '-3.00', '2.4700', 5, '10.0000', NULL, 'DESKTOP-VKOLCTJ', '2022-09-24', '00', 8, 1),
(18, '2022-09-17', -1, 'repas', '1', '-3.00', '2.5900', 5, '5.0000', NULL, 'DESKTOP-VKOLCTJ', '2022-09-24', '00', 13, 1),
(19, '2022-09-17', -1, 'repas', '1', '-3.00', '2.9900', 5, '5.0000', NULL, 'DESKTOP-VKOLCTJ', '2022-09-24', '00', 9, 1),
(20, '2022-09-17', -1, 'repas', '1', '-3.00', '3.1966', 5, '0.0000', NULL, 'DESKTOP-VKOLCTJ', '2022-09-24', '00', 46, 1),
(21, '2022-09-17', -1, 'repas', '1', '-3.00', '3.3021', 5, '8.0000', NULL, 'DESKTOP-VKOLCTJ', '2022-09-24', '00', 47, 1),
(22, '2022-09-17', -1, 'repas', '1', '-3.00', '5.7761', 5, '30.0000', NULL, 'DESKTOP-VKOLCTJ', '2022-09-24', '00', 7, 1),
(23, '2022-09-17', -1, 'repas', '1', '-2.00', '1.7175', 5, '0.0000', NULL, 'DESKTOP-VKOLCTJ', '2022-09-24', '00', 12, 1),
(24, '2022-09-17', -1, 'repas', '1', '-2.00', '1.9900', 5, '50.0000', NULL, 'DESKTOP-VKOLCTJ', '2022-09-24', '00', 55, 1),
(25, '2022-09-17', -1, 'repas', '1', '-2.00', '2.2055', 5, '20.0000', NULL, 'DESKTOP-VKOLCTJ', '2022-09-24', '00', 40, 1),
(26, '2022-09-17', -1, 'repas', '1', '-2.00', '2.3200', 5, '10.0000', NULL, 'DESKTOP-VKOLCTJ', '2022-09-24', '00', 36, 1),
(27, '2022-09-17', -1, 'repas', '1', '-2.00', '2.9685', 5, '20.0000', NULL, 'DESKTOP-VKOLCTJ', '2022-09-24', '00', 32, 1),
(28, '2022-09-17', -1, 'repas', '1', '-2.00', '4.0375', 5, '5.0000', NULL, 'DESKTOP-VKOLCTJ', '2022-09-24', '00', 17, 1),
(29, '2022-09-17', -1, 'repas', '1', '-2.00', '4.1181', 5, '0.0000', NULL, 'DESKTOP-VKOLCTJ', '2022-09-24', '00', 44, 1),
(30, '2022-09-17', -1, 'repas', '1', '-2.00', '5.5566', 5, '50.0000', NULL, 'DESKTOP-VKOLCTJ', '2022-09-24', '00', 26, 1),
(31, '2022-09-17', -1, 'repas', '1', '-2.00', '7.7373', 5, '15.0000', NULL, 'DESKTOP-VKOLCTJ', '2022-09-24', '00', 53, 1),
(32, '2022-09-17', -1, 'repas', '1', '-1.00', '0.3000', 5, '1.0000', NULL, 'DESKTOP-VKOLCTJ', '2022-09-24', '00', 37, 1),
(33, '2022-09-17', -1, 'repas', '1', '-1.00', '1.4075', 5, '0.0000', NULL, 'DESKTOP-VKOLCTJ', '2022-09-24', '00', 33, 1),
(34, '2022-09-17', -1, 'repas', '1', '-1.00', '4.7600', 5, '100.0000', NULL, 'DESKTOP-VKOLCTJ', '2022-09-24', '00', 24, 1),
(35, '2022-09-17', 1, 'achat', '1', '2.00', '4.1800', 1, '12.0000', NULL, 'DESKTOP-VKOLCTJ', '2022-09-24', '00', 4, 4),
(36, '2022-09-17', 1, 'achat', '1', '3.00', '1.2900', 1, '0.0000', NULL, 'DESKTOP-VKOLCTJ', '2022-09-24', '00', 11, 4),
(37, '2022-09-17', 1, 'achat', '1', '5.00', '1.8900', 1, '5.0000', NULL, 'DESKTOP-VKOLCTJ', '2022-09-24', '00', 29, 4),
(38, '2022-09-17', 1, 'achat', '1', '5.00', '2.5900', 1, '5.0000', NULL, 'DESKTOP-VKOLCTJ', '2022-09-24', '00', 13, 4),
(39, '2022-09-17', 1, 'achat', '1', '5.00', '2.9900', 1, '5.0000', NULL, 'DESKTOP-VKOLCTJ', '2022-09-24', '00', 9, 4),
(40, '2022-09-17', 1, 'achat', '1', '5.00', '3.9900', 1, '5.0000', NULL, 'DESKTOP-VKOLCTJ', '2022-09-24', '00', 17, 4),
(41, '2022-09-17', 1, 'achat', '1', '10.00', '1.9900', 1, '5.0000', NULL, 'DESKTOP-VKOLCTJ', '2022-09-24', '00', 25, 4),
(42, '2022-09-17', 1, 'achat', '1', '12.00', '1.2900', 1, '10.0000', NULL, 'DESKTOP-VKOLCTJ', '2022-09-24', '00', 20, 4),
(43, '2022-09-17', 1, 'achat', '1', '20.00', '0.4900', 1, '1.0000', NULL, 'DESKTOP-VKOLCTJ', '2022-09-24', '00', 3, 4),
(44, '2022-09-19', 1, 'achat', '1', '1.00', '16.4210', 1, '0.0000', NULL, 'DESKTOP-VKOLCTJ', '2022-09-24', '00', 35, 5),
(45, '2022-09-19', 1, 'achat', '1', '2.00', '3.4751', 1, '10.0000', NULL, 'DESKTOP-VKOLCTJ', '2022-09-24', '00', 22, 5),
(46, '2022-09-19', 1, 'achat', '1', '2.00', '8.3482', 1, '10.0000', NULL, 'DESKTOP-VKOLCTJ', '2022-09-24', '00', 23, 5),
(47, '2022-09-19', 1, 'achat', '1', '2.00', '11.9373', 1, '8.0000', NULL, 'DESKTOP-VKOLCTJ', '2022-09-24', '00', 52, 5),
(48, '2022-09-19', 1, 'achat', '1', '3.00', '6.9080', 1, '25.0000', NULL, 'DESKTOP-VKOLCTJ', '2022-09-24', '00', 28, 5),
(49, '2022-09-19', 1, 'achat', '1', '3.00', '7.3037', 1, '15.0000', NULL, 'DESKTOP-VKOLCTJ', '2022-09-24', '00', 41, 5),
(50, '2022-09-19', 1, 'achat', '1', '3.00', '7.6710', 1, '840.0000', NULL, 'DESKTOP-VKOLCTJ', '2022-09-24', '00', 39, 5),
(51, '2022-09-19', 1, 'achat', '1', '4.00', '3.9325', 1, '20.0000', NULL, 'DESKTOP-VKOLCTJ', '2022-09-24', '00', 32, 5),
(52, '2022-09-19', 1, 'achat', '1', '5.00', '1.3040', 1, '15.0000', NULL, 'DESKTOP-VKOLCTJ', '2022-09-24', '00', 14, 5),
(53, '2022-09-19', 1, 'achat', '1', '5.00', '2.3674', 1, '4.0000', NULL, 'DESKTOP-VKOLCTJ', '2022-09-24', '00', 51, 5),
(54, '2022-09-19', 1, 'achat', '1', '5.00', '4.4521', 1, '7.0000', NULL, 'DESKTOP-VKOLCTJ', '2022-09-24', '00', 45, 5),
(55, '2022-09-19', 1, 'achat', '1', '5.00', '7.1107', 1, '10.0000', NULL, 'DESKTOP-VKOLCTJ', '2022-09-24', '00', 50, 5),
(56, '2022-09-19', 1, 'achat', '1', '6.00', '2.7510', 1, '0.0000', NULL, 'DESKTOP-VKOLCTJ', '2022-09-24', '00', 56, 5),
(57, '2022-09-19', 1, 'achat', '1', '6.00', '4.5880', 1, '20.0000', NULL, 'DESKTOP-VKOLCTJ', '2022-09-24', '00', 1, 5),
(58, '2022-09-19', 1, 'achat', '1', '10.00', '1.2396', 1, '0.0000', NULL, 'DESKTOP-VKOLCTJ', '2022-09-24', '00', 10, 5),
(59, '2022-09-19', 1, 'achat', '1', '10.00', '8.4800', 1, '0.0000', NULL, 'DESKTOP-VKOLCTJ', '2022-09-24', '00', 27, 5),
(60, '2022-09-19', 1, 'achat', '1', '10.00', '12.2696', 1, '7.0000', NULL, 'DESKTOP-VKOLCTJ', '2022-09-24', '00', 18, 5),
(61, '2022-09-19', 1, 'achat', '1', '10.00', '14.5906', 1, '0.0000', NULL, 'DESKTOP-VKOLCTJ', '2022-09-24', '00', 16, 5),
(62, '2022-09-19', 1, 'achat', '1', '12.00', '7.0490', 1, '0.0000', NULL, 'DESKTOP-VKOLCTJ', '2022-09-24', '00', 57, 5),
(63, '2022-09-19', 1, 'achat', '1', '18.00', '1.2385', 1, '0.0000', NULL, 'DESKTOP-VKOLCTJ', '2022-09-24', '00', 54, 5),
(64, '2022-09-19', 1, 'achat', '1', '80.00', '0.7242', 1, '1.0000', NULL, 'DESKTOP-VKOLCTJ', '2022-09-24', '00', 21, 5),
(65, '2022-09-19', 1, 'achat', '1', '110.00', '0.2278', 1, '1.0000', NULL, 'DESKTOP-VKOLCTJ', '2022-09-24', '00', 48, 5),
(66, '2022-09-19', 1, 'achat', '1', '144.00', '0.8440', 1, '1.0000', NULL, 'DESKTOP-VKOLCTJ', '2022-09-24', '00', 30, 5),
(67, '2022-09-19', 1, 'achat', '1', '180.00', '0.1960', 1, '1.0000', NULL, 'DESKTOP-VKOLCTJ', '2022-09-24', '00', 34, 5),
(68, '2022-09-19', 1, 'achat', '1', '200.00', '0.0956', 1, '1.0000', NULL, 'DESKTOP-VKOLCTJ', '2022-09-24', '00', 31, 5),
(69, '2022-09-19', 1, 'achat', '1', '360.00', '0.0679', 1, '1.0000', NULL, 'DESKTOP-VKOLCTJ', '2022-09-24', '00', 43, 5);


INSERT INTO `noegestion_strayon` (`id`, `nom`, `position`) VALUES
('BSS', 'Boissons', 80),
('CND', 'Condiments', 90),
('FCL', 'Féculents', 10),
('FRS', 'Frais', 20),
('FRT', 'Fruits', 30),
('LGM', 'Légumes', 40),
('PSS', 'Poisson', 60),
('SCR', 'Sucré', 70),
('VND', 'Viande', 50);


COMMIT;
